"LGM File:","D:\tmp\support\QA\automated tests\Delay Point\dp_test_01\dp_test_01.lgm"
"ORA File:","D:\tmp\support\QA\automated tests\Delay Point\dp_test_01\dp_test_01_Base.ora"
"ANA File:","D:\tmp\support\QA\automated tests\Delay Point\dp_test_01\dp_test_01.ana"
"Sim. Duration:","00:30:00.00"
"Sim. Elapsed:","00:29:59.39"


"subTitle:","Journey Time inside azFixedDelay"

"","anFixedDelay: Journey Time"
"Time (hh:mm:ss)","Duration (seconds)"
00:00:00.0,0
00:00:00.6,0
00:00:01.2,0
00:00:01.8,0
00:00:02.4,0
00:00:03.0,0
00:00:03.6,0
00:00:04.2,0
00:00:04.8,0
00:00:05.4,0
00:00:06.0,0
00:00:06.6,0
00:00:07.2,0
00:00:07.8,0
00:00:08.4,5.48993
00:00:09.0,0
00:00:09.6,0
00:00:10.2,0
00:00:10.8,0
00:00:11.4,0
00:00:12.0,0
00:00:12.6,0
00:00:13.2,0
00:00:13.8,0
00:00:14.4,0
00:00:15.0,0
00:00:15.6,0
00:00:16.2,0
00:00:16.8,0
00:00:17.4,0
00:00:18.0,0
00:00:18.6,0
00:00:19.2,0
00:00:19.8,0
00:00:20.4,0
00:00:21.0,6.3179
00:00:21.6,0
00:00:22.2,0
00:00:22.8,0
00:00:23.4,0
00:00:24.0,0
00:00:24.6,0
00:00:25.2,0
00:00:25.8,0
00:00:26.4,0
00:00:27.0,0
00:00:27.6,0
00:00:28.2,0
00:00:28.8,0
00:00:29.4,0
00:00:30.0,0
00:00:30.6,0
00:00:31.2,6.56023
00:00:31.8,0
00:00:32.4,0
00:00:33.0,0
00:00:33.6,0
00:00:34.2,0
00:00:34.8,0
00:00:35.4,0
00:00:36.0,0
00:00:36.6,0
00:00:37.2,0
00:00:37.8,0
00:00:38.4,0
00:00:39.0,0
00:00:39.6,0
00:00:40.2,0
00:00:40.8,0
00:00:41.4,6.05309
00:00:42.0,0
00:00:42.6,0
00:00:43.2,0
00:00:43.8,0
00:00:44.4,0
00:00:45.0,0
00:00:45.6,0
00:00:46.2,0
00:00:46.8,0
00:00:47.4,0
00:00:48.0,0
00:00:48.6,0
00:00:49.2,0
00:00:49.8,0
00:00:50.4,0
00:00:51.0,0
00:00:51.6,0
00:00:52.2,0
00:00:52.8,0
00:00:53.4,5.46963
00:00:54.0,0
00:00:54.6,0
00:00:55.2,0
00:00:55.8,0
00:00:56.4,0
00:00:57.0,0
00:00:57.6,0
00:00:58.2,0
00:00:58.8,0
00:00:59.4,0
00:01:00.0,0
00:01:00.6,0
00:01:01.2,0
00:01:01.8,0
00:01:02.4,0
00:01:03.0,0
00:01:03.6,5.53521
00:01:04.2,0
00:01:04.8,0
00:01:05.4,0
00:01:06.0,0
00:01:06.6,0
00:01:07.2,0
00:01:07.8,0
00:01:08.4,0
00:01:09.0,0
00:01:09.6,0
00:01:10.2,0
00:01:10.8,0
00:01:11.4,0
00:01:12.0,0
00:01:12.6,0
00:01:13.2,0
00:01:13.8,0
00:01:14.4,5.76094
00:01:15.0,0
00:01:15.6,0
00:01:16.2,0
00:01:16.8,0
00:01:17.4,0
00:01:18.0,0
00:01:18.6,0
00:01:19.2,0
00:01:19.8,0
00:01:20.4,0
00:01:21.0,0
00:01:21.6,0
00:01:22.2,0
00:01:22.8,0
00:01:23.4,0
00:01:24.0,0
00:01:24.6,0
00:01:25.2,0
00:01:25.8,5.49293
00:01:26.4,0
00:01:27.0,0
00:01:27.6,0
00:01:28.2,0
00:01:28.8,0
00:01:29.4,0
00:01:30.0,0
00:01:30.6,0
00:01:31.2,0
00:01:31.8,0
00:01:32.4,0
00:01:33.0,0
00:01:33.6,0
00:01:34.2,0
00:01:34.8,0
00:01:35.4,0
00:01:36.0,0
00:01:36.6,0
00:01:37.2,5.52843
00:01:37.8,0
00:01:38.4,0
00:01:39.0,0
00:01:39.6,0
00:01:40.2,0
00:01:40.8,0
00:01:41.4,0
00:01:42.0,0
00:01:42.6,0
00:01:43.2,0
00:01:43.8,0
00:01:44.4,0
00:01:45.0,0
00:01:45.6,0
00:01:46.2,0
00:01:46.8,5.48128
00:01:47.4,0
00:01:48.0,0
00:01:48.6,0
00:01:49.2,0
00:01:49.8,0
00:01:50.4,0
00:01:51.0,0
00:01:51.6,0
00:01:52.2,0
00:01:52.8,0
00:01:53.4,0
00:01:54.0,0
00:01:54.6,0
00:01:55.2,0
00:01:55.8,0
00:01:56.4,0
00:01:57.0,0
00:01:57.6,0
00:01:58.2,0
00:01:58.8,0
00:01:59.4,6.36925
00:02:00.0,0
00:02:00.6,0
00:02:01.2,0
00:02:01.8,0
00:02:02.4,0
00:02:03.0,0
00:02:03.6,0
00:02:04.2,0
00:02:04.8,0
00:02:05.4,0
00:02:06.0,0
00:02:06.6,0
00:02:07.2,0
00:02:07.8,0
00:02:08.4,0
00:02:09.0,0
00:02:09.6,0
00:02:10.2,5.78591
00:02:10.8,0
00:02:11.4,0
00:02:12.0,0
00:02:12.6,0
00:02:13.2,0
00:02:13.8,0
00:02:14.4,0
00:02:15.0,0
00:02:15.6,0
00:02:16.2,0
00:02:16.8,0
00:02:17.4,0
00:02:18.0,0
00:02:18.6,0
00:02:19.2,0
00:02:19.8,5.47162
00:02:20.4,0
00:02:21.0,0
00:02:21.6,0
00:02:22.2,0
00:02:22.8,0
00:02:23.4,0
00:02:24.0,0
00:02:24.6,0
00:02:25.2,0
00:02:25.8,0
00:02:26.4,0
00:02:27.0,0
00:02:27.6,0
00:02:28.2,0
00:02:28.8,0
00:02:29.4,0
00:02:30.0,0
00:02:30.6,0
00:02:31.2,0
00:02:31.8,0
00:02:32.4,5.91953
00:02:33.0,0
00:02:33.6,0
00:02:34.2,0
00:02:34.8,0
00:02:35.4,0
00:02:36.0,0
00:02:36.6,0
00:02:37.2,0
00:02:37.8,0
00:02:38.4,0
00:02:39.0,0
00:02:39.6,0
00:02:40.2,0
00:02:40.8,0
00:02:41.4,0
00:02:42.0,0
00:02:42.6,0
00:02:43.2,6.05024
00:02:43.8,0
00:02:44.4,0
00:02:45.0,0
00:02:45.6,0
00:02:46.2,0
00:02:46.8,0
00:02:47.4,0
00:02:48.0,0
00:02:48.6,0
00:02:49.2,0
00:02:49.8,0
00:02:50.4,0
00:02:51.0,0
00:02:51.6,0
00:02:52.2,0
00:02:52.8,0
00:02:53.4,5.57171
00:02:54.0,0
00:02:54.6,0
00:02:55.2,0
00:02:55.8,0
00:02:56.4,0
00:02:57.0,0
00:02:57.6,0
00:02:58.2,0
00:02:58.8,0
00:02:59.4,0
00:03:00.0,0
00:03:00.6,0
00:03:01.2,0
00:03:01.8,0
00:03:02.4,0
00:03:03.0,0
00:03:03.6,0
00:03:04.2,0
00:03:04.8,5.94061
00:03:05.4,0
00:03:06.0,0
00:03:06.6,0
00:03:07.2,0
00:03:07.8,0
00:03:08.4,0
00:03:09.0,0
00:03:09.6,0
00:03:10.2,0
00:03:10.8,0
00:03:11.4,0
00:03:12.0,0
00:03:12.6,0
00:03:13.2,0
00:03:13.8,0
00:03:14.4,0
00:03:15.0,0
00:03:15.6,0
00:03:16.2,5.79631
00:03:16.8,0
00:03:17.4,0
00:03:18.0,0
00:03:18.6,0
00:03:19.2,0
00:03:19.8,0
00:03:20.4,0
00:03:21.0,0
00:03:21.6,0
00:03:22.2,0
00:03:22.8,0
00:03:23.4,0
00:03:24.0,0
00:03:24.6,0
00:03:25.2,0
00:03:25.8,0
00:03:26.4,5.98713
00:03:27.0,0
00:03:27.6,0
00:03:28.2,0
00:03:28.8,0
00:03:29.4,0
00:03:30.0,0
00:03:30.6,0
00:03:31.2,0
00:03:31.8,0
00:03:32.4,0
00:03:33.0,0
00:03:33.6,0
00:03:34.2,0
00:03:34.8,0
00:03:35.4,0
00:03:36.0,0
00:03:36.6,0
00:03:37.2,0
00:03:37.8,0
00:03:38.4,5.73917
00:03:39.0,0
00:03:39.6,0
00:03:40.2,0
00:03:40.8,0
00:03:41.4,0
00:03:42.0,0
00:03:42.6,0
00:03:43.2,0
00:03:43.8,0
00:03:44.4,0
00:03:45.0,0
00:03:45.6,0
00:03:46.2,0
00:03:46.8,0
00:03:47.4,0
00:03:48.0,0
00:03:48.6,0
00:03:49.2,6.17113
00:03:49.8,0
00:03:50.4,0
00:03:51.0,0
00:03:51.6,0
00:03:52.2,0
00:03:52.8,0
00:03:53.4,0
00:03:54.0,0
00:03:54.6,0
00:03:55.2,0
00:03:55.8,0
00:03:56.4,0
00:03:57.0,0
00:03:57.6,0
00:03:58.2,0
00:03:58.8,0
00:03:59.4,0
00:04:00.0,6.07429
00:04:00.6,0
00:04:01.2,0
00:04:01.8,0
00:04:02.4,0
00:04:03.0,0
00:04:03.6,0
00:04:04.2,0
00:04:04.8,0
00:04:05.4,0
00:04:06.0,0
00:04:06.6,0
00:04:07.2,0
00:04:07.8,0
00:04:08.4,0
00:04:09.0,0
00:04:09.6,0
00:04:10.2,0
00:04:10.8,0
00:04:11.4,6.03333
00:04:12.0,0
00:04:12.6,0
00:04:13.2,0
00:04:13.8,0
00:04:14.4,0
00:04:15.0,0
00:04:15.6,0
00:04:16.2,0
00:04:16.8,0
00:04:17.4,0
00:04:18.0,0
00:04:18.6,0
00:04:19.2,0
00:04:19.8,0
00:04:20.4,0
00:04:21.0,0
00:04:21.6,5.45074
00:04:22.2,0
00:04:22.8,0
00:04:23.4,0
00:04:24.0,0
00:04:24.6,0
00:04:25.2,0
00:04:25.8,0
00:04:26.4,0
00:04:27.0,0
00:04:27.6,0
00:04:28.2,0
00:04:28.8,0
00:04:29.4,0
00:04:30.0,0
00:04:30.6,0
00:04:31.2,0
00:04:31.8,5.45999
00:04:32.4,0
00:04:33.0,0
00:04:33.6,0
00:04:34.2,0
00:04:34.8,0
00:04:35.4,0
00:04:36.0,0
00:04:36.6,0
00:04:37.2,0
00:04:37.8,0
00:04:38.4,0
00:04:39.0,0
00:04:39.6,0
00:04:40.2,0
00:04:40.8,0
00:04:41.4,0
00:04:42.0,0
00:04:42.6,0
00:04:43.2,0
00:04:43.8,0
00:04:44.4,6.09584
00:04:45.0,0
00:04:45.6,0
00:04:46.2,0
00:04:46.8,0
00:04:47.4,0
00:04:48.0,0
00:04:48.6,0
00:04:49.2,0
00:04:49.8,0
00:04:50.4,0
00:04:51.0,0
00:04:51.6,0
00:04:52.2,0
00:04:52.8,0
00:04:53.4,0
00:04:54.0,0
00:04:54.6,0
00:04:55.2,5.67387
00:04:55.8,0
00:04:56.4,0
00:04:57.0,0
00:04:57.6,0
00:04:58.2,0
00:04:58.8,0
00:04:59.4,0
00:05:00.0,0
00:05:00.6,0
00:05:01.2,0
00:05:01.8,0
00:05:02.4,0
00:05:03.0,0
00:05:03.6,0
00:05:04.2,0
00:05:04.8,0
00:05:05.4,6.06763
00:05:06.0,0
00:05:06.6,0
00:05:07.2,0
00:05:07.8,0
00:05:08.4,0
00:05:09.0,0
00:05:09.6,0
00:05:10.2,0
00:05:10.8,0
00:05:11.4,0
00:05:12.0,0
00:05:12.6,0
00:05:13.2,0
00:05:13.8,0
00:05:14.4,0
00:05:15.0,0
00:05:15.6,0
00:05:16.2,0
00:05:16.8,5.70629
00:05:17.4,0
00:05:18.0,0
00:05:18.6,0
00:05:19.2,0
00:05:19.8,0
00:05:20.4,0
00:05:21.0,0
00:05:21.6,0
00:05:22.2,0
00:05:22.8,0
00:05:23.4,0
00:05:24.0,0
00:05:24.6,0
00:05:25.2,0
00:05:25.8,0
00:05:26.4,0
00:05:27.0,0
00:05:27.6,0
00:05:28.2,5.8903
00:05:28.8,0
00:05:29.4,0
00:05:30.0,0
00:05:30.6,0
00:05:31.2,0
00:05:31.8,0
00:05:32.4,0
00:05:33.0,0
00:05:33.6,0
00:05:34.2,0
00:05:34.8,0
00:05:35.4,0
00:05:36.0,0
00:05:36.6,0
00:05:37.2,0
00:05:37.8,0
00:05:38.4,0
00:05:39.0,6.13291
00:05:39.6,0
00:05:40.2,0
00:05:40.8,0
00:05:41.4,0
00:05:42.0,0
00:05:42.6,0
00:05:43.2,0
00:05:43.8,0
00:05:44.4,0
00:05:45.0,0
00:05:45.6,0
00:05:46.2,0
00:05:46.8,0
00:05:47.4,0
00:05:48.0,0
00:05:48.6,0
00:05:49.2,0
00:05:49.8,0
00:05:50.4,5.76981
00:05:51.0,0
00:05:51.6,0
00:05:52.2,0
00:05:52.8,0
00:05:53.4,0
00:05:54.0,0
00:05:54.6,0
00:05:55.2,0
00:05:55.8,0
00:05:56.4,0
00:05:57.0,0
00:05:57.6,0
00:05:58.2,0
00:05:58.8,0
00:05:59.4,0
00:06:00.0,0
00:06:00.6,5.90205
00:06:01.2,0
00:06:01.8,0
00:06:02.4,0
00:06:03.0,0
00:06:03.6,0
00:06:04.2,0
00:06:04.8,0
00:06:05.4,0
00:06:06.0,0
00:06:06.6,0
00:06:07.2,0
00:06:07.8,0
00:06:08.4,0
00:06:09.0,0
00:06:09.6,0
00:06:10.2,0
00:06:10.8,0
00:06:11.4,0
00:06:12.0,0
00:06:12.6,5.72948
00:06:13.2,0
00:06:13.8,0
00:06:14.4,0
00:06:15.0,0
00:06:15.6,0
00:06:16.2,0
00:06:16.8,0
00:06:17.4,0
00:06:18.0,0
00:06:18.6,0
00:06:19.2,0
00:06:19.8,0
00:06:20.4,0
00:06:21.0,0
00:06:21.6,0
00:06:22.2,0
00:06:22.8,0
00:06:23.4,0
00:06:24.0,6.35056
00:06:24.6,0
00:06:25.2,0
00:06:25.8,0
00:06:26.4,0
00:06:27.0,0
00:06:27.6,0
00:06:28.2,0
00:06:28.8,0
00:06:29.4,0
00:06:30.0,0
00:06:30.6,0
00:06:31.2,0
00:06:31.8,0
00:06:32.4,0
00:06:33.0,0
00:06:33.6,5.81278
00:06:34.2,0
00:06:34.8,0
00:06:35.4,0
00:06:36.0,0
00:06:36.6,0
00:06:37.2,0
00:06:37.8,0
00:06:38.4,0
00:06:39.0,0
00:06:39.6,0
00:06:40.2,0
00:06:40.8,0
00:06:41.4,0
00:06:42.0,0
00:06:42.6,0
00:06:43.2,0
00:06:43.8,0
00:06:44.4,5.90959
00:06:45.0,0
00:06:45.6,0
00:06:46.2,0
00:06:46.8,0
00:06:47.4,0
00:06:48.0,0
00:06:48.6,0
00:06:49.2,0
00:06:49.8,0
00:06:50.4,0
00:06:51.0,0
00:06:51.6,0
00:06:52.2,0
00:06:52.8,0
00:06:53.4,0
00:06:54.0,0
00:06:54.6,0
00:06:55.2,0
00:06:55.8,0
00:06:56.4,6.10186
00:06:57.0,0
00:06:57.6,0
00:06:58.2,0
00:06:58.8,0
00:06:59.4,0
00:07:00.0,0
00:07:00.6,0
00:07:01.2,0
00:07:01.8,0
00:07:02.4,0
00:07:03.0,0
00:07:03.6,0
00:07:04.2,0
00:07:04.8,0
00:07:05.4,0
00:07:06.0,0
00:07:06.6,0
00:07:07.2,5.91193
00:07:07.8,0
00:07:08.4,0
00:07:09.0,0
00:07:09.6,0
00:07:10.2,0
00:07:10.8,0
00:07:11.4,0
00:07:12.0,0
00:07:12.6,0
00:07:13.2,0
00:07:13.8,0
00:07:14.4,0
00:07:15.0,0
00:07:15.6,0
00:07:16.2,0
00:07:16.8,0
00:07:17.4,6.01303
00:07:18.0,0
00:07:18.6,0
00:07:19.2,0
00:07:19.8,0
00:07:20.4,0
00:07:21.0,0
00:07:21.6,0
00:07:22.2,0
00:07:22.8,0
00:07:23.4,0
00:07:24.0,0
00:07:24.6,0
00:07:25.2,0
00:07:25.8,0
00:07:26.4,0
00:07:27.0,0
00:07:27.6,0
00:07:28.2,0
00:07:28.8,0
00:07:29.4,5.88679
00:07:30.0,0
00:07:30.6,0
00:07:31.2,0
00:07:31.8,0
00:07:32.4,0
00:07:33.0,0
00:07:33.6,0
00:07:34.2,0
00:07:34.8,0
00:07:35.4,0
00:07:36.0,0
00:07:36.6,0
00:07:37.2,0
00:07:37.8,0
00:07:38.4,0
00:07:39.0,0
00:07:39.6,5.86514
00:07:40.2,0
00:07:40.8,0
00:07:41.4,0
00:07:42.0,0
00:07:42.6,0
00:07:43.2,0
00:07:43.8,0
00:07:44.4,0
00:07:45.0,0
00:07:45.6,0
00:07:46.2,0
00:07:46.8,0
00:07:47.4,0
00:07:48.0,0
00:07:48.6,0
00:07:49.2,0
00:07:49.8,0
00:07:50.4,5.96631
00:07:51.0,0
00:07:51.6,0
00:07:52.2,0
00:07:52.8,0
00:07:53.4,0
00:07:54.0,0
00:07:54.6,0
00:07:55.2,0
00:07:55.8,0
00:07:56.4,0
00:07:57.0,0
00:07:57.6,0
00:07:58.2,0
00:07:58.8,0
00:07:59.4,0
00:08:00.0,0
00:08:00.6,0
00:08:01.2,0
00:08:01.8,5.75642
00:08:02.4,0
00:08:03.0,0
00:08:03.6,0
00:08:04.2,0
00:08:04.8,0
00:08:05.4,0
00:08:06.0,0
00:08:06.6,0
00:08:07.2,0
00:08:07.8,0
00:08:08.4,0
00:08:09.0,0
00:08:09.6,0
00:08:10.2,0
00:08:10.8,0
00:08:11.4,0
00:08:12.0,0
00:08:12.6,0
00:08:13.2,0
00:08:13.8,6.03068
00:08:14.4,0
00:08:15.0,0
00:08:15.6,0
00:08:16.2,0
00:08:16.8,0
00:08:17.4,0
00:08:18.0,0
00:08:18.6,0
00:08:19.2,0
00:08:19.8,0
00:08:20.4,0
00:08:21.0,0
00:08:21.6,0
00:08:22.2,0
00:08:22.8,0
00:08:23.4,0
00:08:24.0,5.84346
00:08:24.6,0
00:08:25.2,0
00:08:25.8,0
00:08:26.4,0
00:08:27.0,0
00:08:27.6,0
00:08:28.2,0
00:08:28.8,0
00:08:29.4,0
00:08:30.0,0
00:08:30.6,0
00:08:31.2,0
00:08:31.8,0
00:08:32.4,0
00:08:33.0,0
00:08:33.6,0
00:08:34.2,0
00:08:34.8,0
00:08:35.4,5.80659
00:08:36.0,0
00:08:36.6,0
00:08:37.2,0
00:08:37.8,0
00:08:38.4,0
00:08:39.0,0
00:08:39.6,0
00:08:40.2,0
00:08:40.8,0
00:08:41.4,0
00:08:42.0,0
00:08:42.6,0
00:08:43.2,0
00:08:43.8,0
00:08:44.4,0
00:08:45.0,0
00:08:45.6,5.91015
00:08:46.2,0
00:08:46.8,0
00:08:47.4,0
00:08:48.0,0
00:08:48.6,0
00:08:49.2,0
00:08:49.8,0
00:08:50.4,0
00:08:51.0,0
00:08:51.6,0
00:08:52.2,0
00:08:52.8,0
00:08:53.4,0
00:08:54.0,0
00:08:54.6,0
00:08:55.2,0
00:08:55.8,0
00:08:56.4,0
00:08:57.0,6.20173
00:08:57.6,0
00:08:58.2,0
00:08:58.8,0
00:08:59.4,0
00:09:00.0,0
00:09:00.6,0
00:09:01.2,0
00:09:01.8,0
00:09:02.4,0
00:09:03.0,0
00:09:03.6,0
00:09:04.2,0
00:09:04.8,0
00:09:05.4,0
00:09:06.0,0
00:09:06.6,0
00:09:07.2,0
00:09:07.8,0
00:09:08.4,6.04767
00:09:09.0,0
00:09:09.6,0
00:09:10.2,0
00:09:10.8,0
00:09:11.4,0
00:09:12.0,0
00:09:12.6,0
00:09:13.2,0
00:09:13.8,0
00:09:14.4,0
00:09:15.0,0
00:09:15.6,0
00:09:16.2,0
00:09:16.8,0
00:09:17.4,0
00:09:18.0,5.41111
00:09:18.6,0
00:09:19.2,0
00:09:19.8,0
00:09:20.4,0
00:09:21.0,0
00:09:21.6,0
00:09:22.2,0
00:09:22.8,0
00:09:23.4,0
00:09:24.0,0
00:09:24.6,0
00:09:25.2,0
00:09:25.8,0
00:09:26.4,0
00:09:27.0,0
00:09:27.6,0
00:09:28.2,0
00:09:28.8,0
00:09:29.4,0
00:09:30.0,6.48774
00:09:30.6,0
00:09:31.2,0
00:09:31.8,0
00:09:32.4,0
00:09:33.0,0
00:09:33.6,0
00:09:34.2,0
00:09:34.8,0
00:09:35.4,0
00:09:36.0,0
00:09:36.6,0
00:09:37.2,0
00:09:37.8,0
00:09:38.4,0
00:09:39.0,0
00:09:39.6,0
00:09:40.2,0
00:09:40.8,0
00:09:41.4,5.58081
00:09:42.0,0
00:09:42.6,0
00:09:43.2,0
00:09:43.8,0
00:09:44.4,0
00:09:45.0,0
00:09:45.6,0
00:09:46.2,0
00:09:46.8,0
00:09:47.4,0
00:09:48.0,0
00:09:48.6,0
00:09:49.2,0
00:09:49.8,0
00:09:50.4,0
00:09:51.0,0
00:09:51.6,0
00:09:52.2,6.02135
00:09:52.8,0
00:09:53.4,0
00:09:54.0,0
00:09:54.6,0
00:09:55.2,0
00:09:55.8,0
00:09:56.4,0
00:09:57.0,0
00:09:57.6,0
00:09:58.2,0
00:09:58.8,0
00:09:59.4,0
00:10:00.0,0
00:10:00.6,0
00:10:01.2,0
00:10:01.8,0
00:10:02.4,5.4322
00:10:03.0,0
00:10:03.6,0
00:10:04.2,0
00:10:04.8,0
00:10:05.4,0
00:10:06.0,0
00:10:06.6,0
00:10:07.2,0
00:10:07.8,0
00:10:08.4,0
00:10:09.0,0
00:10:09.6,0
00:10:10.2,0
00:10:10.8,0
00:10:11.4,0
00:10:12.0,0
00:10:12.6,0
00:10:13.2,0
00:10:13.8,0
00:10:14.4,0
00:10:15.0,6.37001
00:10:15.6,0
00:10:16.2,0
00:10:16.8,0
00:10:17.4,0
00:10:18.0,0
00:10:18.6,0
00:10:19.2,0
00:10:19.8,0
00:10:20.4,0
00:10:21.0,0
00:10:21.6,0
00:10:22.2,0
00:10:22.8,0
00:10:23.4,0
00:10:24.0,0
00:10:24.6,5.43679
00:10:25.2,0
00:10:25.8,0
00:10:26.4,0
00:10:27.0,0
00:10:27.6,0
00:10:28.2,0
00:10:28.8,0
00:10:29.4,0
00:10:30.0,0
00:10:30.6,0
00:10:31.2,0
00:10:31.8,0
00:10:32.4,0
00:10:33.0,0
00:10:33.6,0
00:10:34.2,0
00:10:34.8,5.41393
00:10:35.4,0
00:10:36.0,0
00:10:36.6,0
00:10:37.2,0
00:10:37.8,0
00:10:38.4,0
00:10:39.0,0
00:10:39.6,0
00:10:40.2,0
00:10:40.8,0
00:10:41.4,0
00:10:42.0,0
00:10:42.6,0
00:10:43.2,0
00:10:43.8,0
00:10:44.4,0
00:10:45.0,0
00:10:45.6,0
00:10:46.2,0
00:10:46.8,5.57695
00:10:47.4,0
00:10:48.0,0
00:10:48.6,0
00:10:49.2,0
00:10:49.8,0
00:10:50.4,0
00:10:51.0,0
00:10:51.6,0
00:10:52.2,0
00:10:52.8,0
00:10:53.4,0
00:10:54.0,0
00:10:54.6,0
00:10:55.2,0
00:10:55.8,0
00:10:56.4,0
00:10:57.0,0
00:10:57.6,5.471
00:10:58.2,0
00:10:58.8,0
00:10:59.4,0
00:11:00.0,0
00:11:00.6,0
00:11:01.2,0
00:11:01.8,0
00:11:02.4,0
00:11:03.0,0
00:11:03.6,0
00:11:04.2,0
00:11:04.8,0
00:11:05.4,0
00:11:06.0,0
00:11:06.6,0
00:11:07.2,0
00:11:07.8,0
00:11:08.4,0
00:11:09.0,0
00:11:09.6,6.33779
00:11:10.2,0
00:11:10.8,0
00:11:11.4,0
00:11:12.0,0
00:11:12.6,0
00:11:13.2,0
00:11:13.8,0
00:11:14.4,0
00:11:15.0,0
00:11:15.6,0
00:11:16.2,0
00:11:16.8,0
00:11:17.4,0
00:11:18.0,0
00:11:18.6,0
00:11:19.2,0
00:11:19.8,0
00:11:20.4,6.27952
00:11:21.0,0
00:11:21.6,0
00:11:22.2,0
00:11:22.8,0
00:11:23.4,0
00:11:24.0,0
00:11:24.6,0
00:11:25.2,0
00:11:25.8,0
00:11:26.4,0
00:11:27.0,0
00:11:27.6,0
00:11:28.2,0
00:11:28.8,0
00:11:29.4,0
00:11:30.0,5.44138
00:11:30.6,0
00:11:31.2,0
00:11:31.8,0
00:11:32.4,0
00:11:33.0,0
00:11:33.6,0
00:11:34.2,0
00:11:34.8,0
00:11:35.4,0
00:11:36.0,0
00:11:36.6,0
00:11:37.2,0
00:11:37.8,0
00:11:38.4,0
00:11:39.0,0
00:11:39.6,0
00:11:40.2,0
00:11:40.8,0
00:11:41.4,0
00:11:42.0,0
00:11:42.6,6.50774
00:11:43.2,0
00:11:43.8,0
00:11:44.4,0
00:11:45.0,0
00:11:45.6,0
00:11:46.2,0
00:11:46.8,0
00:11:47.4,0
00:11:48.0,0
00:11:48.6,0
00:11:49.2,0
00:11:49.8,0
00:11:50.4,0
00:11:51.0,0
00:11:51.6,0
00:11:52.2,0
00:11:52.8,0
00:11:53.4,6.51148
00:11:54.0,0
00:11:54.6,0
00:11:55.2,0
00:11:55.8,0
00:11:56.4,0
00:11:57.0,0
00:11:57.6,0
00:11:58.2,0
00:11:58.8,0
00:11:59.4,0
00:12:00.0,0
00:12:00.6,0
00:12:01.2,0
00:12:01.8,0
00:12:02.4,0
00:12:03.0,0
00:12:03.6,5.4805
00:12:04.2,0
00:12:04.8,0
00:12:05.4,0
00:12:06.0,0
00:12:06.6,0
00:12:07.2,0
00:12:07.8,0
00:12:08.4,0
00:12:09.0,0
00:12:09.6,0
00:12:10.2,0
00:12:10.8,0
00:12:11.4,0
00:12:12.0,0
00:12:12.6,0
00:12:13.2,0
00:12:13.8,0
00:12:14.4,0
00:12:15.0,6.10175
00:12:15.6,0
00:12:16.2,0
00:12:16.8,0
00:12:17.4,0
00:12:18.0,0
00:12:18.6,0
00:12:19.2,0
00:12:19.8,0
00:12:20.4,0
00:12:21.0,0
00:12:21.6,0
00:12:22.2,0
00:12:22.8,0
00:12:23.4,0
00:12:24.0,0
00:12:24.6,0
00:12:25.2,0
00:12:25.8,5.44475
00:12:26.4,0
00:12:27.0,0
00:12:27.6,0
00:12:28.2,0
00:12:28.8,0
00:12:29.4,0
00:12:30.0,0
00:12:30.6,0
00:12:31.2,0
00:12:31.8,0
00:12:32.4,0
00:12:33.0,0
00:12:33.6,0
00:12:34.2,0
00:12:34.8,0
00:12:35.4,0
00:12:36.0,0
00:12:36.6,5.539
00:12:37.2,0
00:12:37.8,0
00:12:38.4,0
00:12:39.0,0
00:12:39.6,0
00:12:40.2,0
00:12:40.8,0
00:12:41.4,0
00:12:42.0,0
00:12:42.6,0
00:12:43.2,0
00:12:43.8,0
00:12:44.4,0
00:12:45.0,0
00:12:45.6,0
00:12:46.2,0
00:12:46.8,0
00:12:47.4,5.85805
00:12:48.0,0
00:12:48.6,0
00:12:49.2,0
00:12:49.8,0
00:12:50.4,0
00:12:51.0,0
00:12:51.6,0
00:12:52.2,0
00:12:52.8,0
00:12:53.4,0
00:12:54.0,0
00:12:54.6,0
00:12:55.2,0
00:12:55.8,0
00:12:56.4,0
00:12:57.0,0
00:12:57.6,0
00:12:58.2,0
00:12:58.8,0
00:12:59.4,5.66065
00:13:00.0,0
00:13:00.6,0
00:13:01.2,0
00:13:01.8,0
00:13:02.4,0
00:13:03.0,0
00:13:03.6,0
00:13:04.2,0
00:13:04.8,0
00:13:05.4,0
00:13:06.0,0
00:13:06.6,0
00:13:07.2,0
00:13:07.8,0
00:13:08.4,0
00:13:09.0,0
00:13:09.6,0
00:13:10.2,6.08179
00:13:10.8,0
00:13:11.4,0
00:13:12.0,0
00:13:12.6,0
00:13:13.2,0
00:13:13.8,0
00:13:14.4,0
00:13:15.0,0
00:13:15.6,0
00:13:16.2,0
00:13:16.8,0
00:13:17.4,0
00:13:18.0,0
00:13:18.6,0
00:13:19.2,0
00:13:19.8,0
00:13:20.4,5.48438
00:13:21.0,0
00:13:21.6,0
00:13:22.2,0
00:13:22.8,0
00:13:23.4,0
00:13:24.0,0
00:13:24.6,0
00:13:25.2,0
00:13:25.8,0
00:13:26.4,0
00:13:27.0,0
00:13:27.6,0
00:13:28.2,0
00:13:28.8,0
00:13:29.4,0
00:13:30.0,0
00:13:30.6,0
00:13:31.2,0
00:13:31.8,5.618
00:13:32.4,0
00:13:33.0,0
00:13:33.6,0
00:13:34.2,0
00:13:34.8,0
00:13:35.4,0
00:13:36.0,0
00:13:36.6,0
00:13:37.2,0
00:13:37.8,0
00:13:38.4,0
00:13:39.0,0
00:13:39.6,0
00:13:40.2,0
00:13:40.8,0
00:13:41.4,0
00:13:42.0,0
00:13:42.6,5.52317
00:13:43.2,0
00:13:43.8,0
00:13:44.4,0
00:13:45.0,0
00:13:45.6,0
00:13:46.2,0
00:13:46.8,0
00:13:47.4,0
00:13:48.0,0
00:13:48.6,0
00:13:49.2,0
00:13:49.8,0
00:13:50.4,0
00:13:51.0,0
00:13:51.6,0
00:13:52.2,0
00:13:52.8,0
00:13:53.4,5.5601
00:13:54.0,0
00:13:54.6,0
00:13:55.2,0
00:13:55.8,0
00:13:56.4,0
00:13:57.0,0
00:13:57.6,0
00:13:58.2,0
00:13:58.8,0
00:13:59.4,0
00:14:00.0,0
00:14:00.6,0
00:14:01.2,0
00:14:01.8,0
00:14:02.4,0
00:14:03.0,0
00:14:03.6,0
00:14:04.2,0
00:14:04.8,0
00:14:05.4,5.75341
00:14:06.0,0
00:14:06.6,0
00:14:07.2,0
00:14:07.8,0
00:14:08.4,0
00:14:09.0,0
00:14:09.6,0
00:14:10.2,0
00:14:10.8,0
00:14:11.4,0
00:14:12.0,0
00:14:12.6,0
00:14:13.2,0
00:14:13.8,0
00:14:14.4,0
00:14:15.0,0
00:14:15.6,0
00:14:16.2,6.58476
00:14:16.8,0
00:14:17.4,0
00:14:18.0,0
00:14:18.6,0
00:14:19.2,0
00:14:19.8,0
00:14:20.4,0
00:14:21.0,0
00:14:21.6,0
00:14:22.2,0
00:14:22.8,0
00:14:23.4,0
00:14:24.0,0
00:14:24.6,0
00:14:25.2,0
00:14:25.8,0
00:14:26.4,5.54711
00:14:27.0,0
00:14:27.6,0
00:14:28.2,0
00:14:28.8,0
00:14:29.4,0
00:14:30.0,0
00:14:30.6,0
00:14:31.2,0
00:14:31.8,0
00:14:32.4,0
00:14:33.0,0
00:14:33.6,0
00:14:34.2,0
00:14:34.8,0
00:14:35.4,0
00:14:36.0,0
00:14:36.6,0
00:14:37.2,0
00:14:37.8,5.52171
00:14:38.4,0
00:14:39.0,0
00:14:39.6,0
00:14:40.2,0
00:14:40.8,0
00:14:41.4,0
00:14:42.0,0
00:14:42.6,0
00:14:43.2,0
00:14:43.8,0
00:14:44.4,0
00:14:45.0,0
00:14:45.6,0
00:14:46.2,0
00:14:46.8,0
00:14:47.4,0
00:14:48.0,0
00:14:48.6,0
00:14:49.2,5.78907
00:14:49.8,0
00:14:50.4,0
00:14:51.0,0
00:14:51.6,0
00:14:52.2,0
00:14:52.8,0
00:14:53.4,0
00:14:54.0,0
00:14:54.6,0
00:14:55.2,0
00:14:55.8,0
00:14:56.4,0
00:14:57.0,0
00:14:57.6,0
00:14:58.2,0
00:14:58.8,0
00:14:59.4,0
00:15:00.0,6.00363
00:15:00.6,0
00:15:01.2,0
00:15:01.8,0
00:15:02.4,0
00:15:03.0,0
00:15:03.6,0
00:15:04.2,0
00:15:04.8,0
00:15:05.4,0
00:15:06.0,0
00:15:06.6,0
00:15:07.2,0
00:15:07.8,0
00:15:08.4,0
00:15:09.0,0
00:15:09.6,0
00:15:10.2,0
00:15:10.8,0
00:15:11.4,6.0579
00:15:12.0,0
00:15:12.6,0
00:15:13.2,0
00:15:13.8,0
00:15:14.4,0
00:15:15.0,0
00:15:15.6,0
00:15:16.2,0
00:15:16.8,0
00:15:17.4,0
00:15:18.0,0
00:15:18.6,0
00:15:19.2,0
00:15:19.8,0
00:15:20.4,0
00:15:21.0,0
00:15:21.6,5.80812
00:15:22.2,0
00:15:22.8,0
00:15:23.4,0
00:15:24.0,0
00:15:24.6,0
00:15:25.2,0
00:15:25.8,0
00:15:26.4,0
00:15:27.0,0
00:15:27.6,0
00:15:28.2,0
00:15:28.8,0
00:15:29.4,0
00:15:30.0,0
00:15:30.6,0
00:15:31.2,0
00:15:31.8,0
00:15:32.4,0
00:15:33.0,6.42847
00:15:33.6,0
00:15:34.2,0
00:15:34.8,0
00:15:35.4,0
00:15:36.0,0
00:15:36.6,0
00:15:37.2,0
00:15:37.8,0
00:15:38.4,0
00:15:39.0,0
00:15:39.6,0
00:15:40.2,0
00:15:40.8,0
00:15:41.4,0
00:15:42.0,0
00:15:42.6,0
00:15:43.2,0
00:15:43.8,5.54089
00:15:44.4,0
00:15:45.0,0
00:15:45.6,0
00:15:46.2,0
00:15:46.8,0
00:15:47.4,0
00:15:48.0,0
00:15:48.6,0
00:15:49.2,0
00:15:49.8,0
00:15:50.4,0
00:15:51.0,0
00:15:51.6,0
00:15:52.2,0
00:15:52.8,0
00:15:53.4,0
00:15:54.0,0
00:15:54.6,0
00:15:55.2,6.30798
00:15:55.8,0
00:15:56.4,0
00:15:57.0,0
00:15:57.6,0
00:15:58.2,0
00:15:58.8,0
00:15:59.4,0
00:16:00.0,0
00:16:00.6,0
00:16:01.2,0
00:16:01.8,0
00:16:02.4,0
00:16:03.0,0
00:16:03.6,0
00:16:04.2,0
00:16:04.8,0
00:16:05.4,6.03798
00:16:06.0,0
00:16:06.6,0
00:16:07.2,0
00:16:07.8,0
00:16:08.4,0
00:16:09.0,0
00:16:09.6,0
00:16:10.2,0
00:16:10.8,0
00:16:11.4,0
00:16:12.0,0
00:16:12.6,0
00:16:13.2,0
00:16:13.8,0
00:16:14.4,0
00:16:15.0,0
00:16:15.6,0
00:16:16.2,0
00:16:16.8,0
00:16:17.4,0
00:16:18.0,6.20518
00:16:18.6,0
00:16:19.2,0
00:16:19.8,0
00:16:20.4,0
00:16:21.0,0
00:16:21.6,0
00:16:22.2,0
00:16:22.8,0
00:16:23.4,0
00:16:24.0,0
00:16:24.6,0
00:16:25.2,0
00:16:25.8,0
00:16:26.4,0
00:16:27.0,0
00:16:27.6,0
00:16:28.2,5.93199
00:16:28.8,0
00:16:29.4,0
00:16:30.0,0
00:16:30.6,0
00:16:31.2,0
00:16:31.8,0
00:16:32.4,0
00:16:33.0,0
00:16:33.6,0
00:16:34.2,0
00:16:34.8,0
00:16:35.4,0
00:16:36.0,0
00:16:36.6,0
00:16:37.2,0
00:16:37.8,0
00:16:38.4,5.5112
00:16:39.0,0
00:16:39.6,0
00:16:40.2,0
00:16:40.8,0
00:16:41.4,0
00:16:42.0,0
00:16:42.6,0
00:16:43.2,0
00:16:43.8,0
00:16:44.4,0
00:16:45.0,0
00:16:45.6,0
00:16:46.2,0
00:16:46.8,0
00:16:47.4,0
00:16:48.0,0
00:16:48.6,0
00:16:49.2,0
00:16:49.8,6.02801
00:16:50.4,0
00:16:51.0,0
00:16:51.6,0
00:16:52.2,0
00:16:52.8,0
00:16:53.4,0
00:16:54.0,0
00:16:54.6,0
00:16:55.2,0
00:16:55.8,0
00:16:56.4,0
00:16:57.0,0
00:16:57.6,0
00:16:58.2,0
00:16:58.8,0
00:16:59.4,0
00:17:00.0,5.40449
00:17:00.6,0
00:17:01.2,0
00:17:01.8,0
00:17:02.4,0
00:17:03.0,0
00:17:03.6,0
00:17:04.2,0
00:17:04.8,0
00:17:05.4,0
00:17:06.0,0
00:17:06.6,0
00:17:07.2,0
00:17:07.8,0
00:17:08.4,0
00:17:09.0,0
00:17:09.6,0
00:17:10.2,0
00:17:10.8,0
00:17:11.4,0
00:17:12.0,6.09013
00:17:12.6,0
00:17:13.2,0
00:17:13.8,0
00:17:14.4,0
00:17:15.0,0
00:17:15.6,0
00:17:16.2,0
00:17:16.8,0
00:17:17.4,0
00:17:18.0,0
00:17:18.6,0
00:17:19.2,0
00:17:19.8,0
00:17:20.4,0
00:17:21.0,0
00:17:21.6,0
00:17:22.2,0
00:17:22.8,0
00:17:23.4,0
00:17:24.0,6.54155
00:17:24.6,0
00:17:25.2,0
00:17:25.8,0
00:17:26.4,0
00:17:27.0,0
00:17:27.6,0
00:17:28.2,0
00:17:28.8,0
00:17:29.4,0
00:17:30.0,0
00:17:30.6,0
00:17:31.2,0
00:17:31.8,0
00:17:32.4,0
00:17:33.0,0
00:17:33.6,5.51159
00:17:34.2,0
00:17:34.8,0
00:17:35.4,0
00:17:36.0,0
00:17:36.6,0
00:17:37.2,0
00:17:37.8,0
00:17:38.4,0
00:17:39.0,0
00:17:39.6,0
00:17:40.2,0
00:17:40.8,0
00:17:41.4,0
00:17:42.0,0
00:17:42.6,0
00:17:43.2,0
00:17:43.8,0
00:17:44.4,5.9689
00:17:45.0,0
00:17:45.6,0
00:17:46.2,0
00:17:46.8,0
00:17:47.4,0
00:17:48.0,0
00:17:48.6,0
00:17:49.2,0
00:17:49.8,0
00:17:50.4,0
00:17:51.0,0
00:17:51.6,0
00:17:52.2,0
00:17:52.8,0
00:17:53.4,0
00:17:54.0,0
00:17:54.6,0
00:17:55.2,0
00:17:55.8,6.07215
00:17:56.4,0
00:17:57.0,0
00:17:57.6,0
00:17:58.2,0
00:17:58.8,0
00:17:59.4,0
00:18:00.0,0
00:18:00.6,0
00:18:01.2,0
00:18:01.8,0
00:18:02.4,0
00:18:03.0,0
00:18:03.6,0
00:18:04.2,0
00:18:04.8,0
00:18:05.4,0
00:18:06.0,0
00:18:06.6,6.02749
00:18:07.2,0
00:18:07.8,0
00:18:08.4,0
00:18:09.0,0
00:18:09.6,0
00:18:10.2,0
00:18:10.8,0
00:18:11.4,0
00:18:12.0,0
00:18:12.6,0
00:18:13.2,0
00:18:13.8,0
00:18:14.4,0
00:18:15.0,0
00:18:15.6,0
00:18:16.2,0
00:18:16.8,0
00:18:17.4,0
00:18:18.0,5.8589
00:18:18.6,0
00:18:19.2,0
00:18:19.8,0
00:18:20.4,0
00:18:21.0,0
00:18:21.6,0
00:18:22.2,0
00:18:22.8,0
00:18:23.4,0
00:18:24.0,0
00:18:24.6,0
00:18:25.2,0
00:18:25.8,0
00:18:26.4,0
00:18:27.0,0
00:18:27.6,0
00:18:28.2,5.44186
00:18:28.8,0
00:18:29.4,0
00:18:30.0,0
00:18:30.6,0
00:18:31.2,0
00:18:31.8,0
00:18:32.4,0
00:18:33.0,0
00:18:33.6,0
00:18:34.2,0
00:18:34.8,0
00:18:35.4,0
00:18:36.0,0
00:18:36.6,0
00:18:37.2,0
00:18:37.8,0
00:18:38.4,0
00:18:39.0,0
00:18:39.6,0
00:18:40.2,5.69002
00:18:40.8,0
00:18:41.4,0
00:18:42.0,0
00:18:42.6,0
00:18:43.2,0
00:18:43.8,0
00:18:44.4,0
00:18:45.0,0
00:18:45.6,0
00:18:46.2,0
00:18:46.8,0
00:18:47.4,0
00:18:48.0,0
00:18:48.6,0
00:18:49.2,0
00:18:49.8,0
00:18:50.4,5.607
00:18:51.0,0
00:18:51.6,0
00:18:52.2,0
00:18:52.8,0
00:18:53.4,0
00:18:54.0,0
00:18:54.6,0
00:18:55.2,0
00:18:55.8,0
00:18:56.4,0
00:18:57.0,0
00:18:57.6,0
00:18:58.2,0
00:18:58.8,0
00:18:59.4,0
00:19:00.0,0
00:19:00.6,0
00:19:01.2,0
00:19:01.8,0
00:19:02.4,6.39454
00:19:03.0,0
00:19:03.6,0
00:19:04.2,0
00:19:04.8,0
00:19:05.4,0
00:19:06.0,0
00:19:06.6,0
00:19:07.2,0
00:19:07.8,0
00:19:08.4,0
00:19:09.0,0
00:19:09.6,0
00:19:10.2,0
00:19:10.8,0
00:19:11.4,0
00:19:12.0,0
00:19:12.6,0
00:19:13.2,0
00:19:13.8,5.89959
00:19:14.4,0
00:19:15.0,0
00:19:15.6,0
00:19:16.2,0
00:19:16.8,0
00:19:17.4,0
00:19:18.0,0
00:19:18.6,0
00:19:19.2,0
00:19:19.8,0
00:19:20.4,0
00:19:21.0,0
00:19:21.6,0
00:19:22.2,0
00:19:22.8,0
00:19:23.4,6.00196
00:19:24.0,0
00:19:24.6,0
00:19:25.2,0
00:19:25.8,0
00:19:26.4,0
00:19:27.0,0
00:19:27.6,0
00:19:28.2,0
00:19:28.8,0
00:19:29.4,0
00:19:30.0,0
00:19:30.6,0
00:19:31.2,0
00:19:31.8,0
00:19:32.4,0
00:19:33.0,0
00:19:33.6,0
00:19:34.2,0
00:19:34.8,5.59015
00:19:35.4,0
00:19:36.0,0
00:19:36.6,0
00:19:37.2,0
00:19:37.8,0
00:19:38.4,0
00:19:39.0,0
00:19:39.6,0
00:19:40.2,0
00:19:40.8,0
00:19:41.4,0
00:19:42.0,0
00:19:42.6,0
00:19:43.2,0
00:19:43.8,0
00:19:44.4,0
00:19:45.0,0
00:19:45.6,0
00:19:46.2,6.317
00:19:46.8,0
00:19:47.4,0
00:19:48.0,0
00:19:48.6,0
00:19:49.2,0
00:19:49.8,0
00:19:50.4,0
00:19:51.0,0
00:19:51.6,0
00:19:52.2,0
00:19:52.8,0
00:19:53.4,0
00:19:54.0,0
00:19:54.6,0
00:19:55.2,0
00:19:55.8,0
00:19:56.4,0
00:19:57.0,6.21902
00:19:57.6,0
00:19:58.2,0
00:19:58.8,0
00:19:59.4,0
00:20:00.0,0
00:20:00.6,0
00:20:01.2,0
00:20:01.8,0
00:20:02.4,0
00:20:03.0,0
00:20:03.6,0
00:20:04.2,0
00:20:04.8,0
00:20:05.4,0
00:20:06.0,0
00:20:06.6,0
00:20:07.2,5.46083
00:20:07.8,0
00:20:08.4,0
00:20:09.0,0
00:20:09.6,0
00:20:10.2,0
00:20:10.8,0
00:20:11.4,0
00:20:12.0,0
00:20:12.6,0
00:20:13.2,0
00:20:13.8,0
00:20:14.4,0
00:20:15.0,0
00:20:15.6,0
00:20:16.2,0
00:20:16.8,0
00:20:17.4,0
00:20:18.0,0
00:20:18.6,0
00:20:19.2,6.34325
00:20:19.8,0
00:20:20.4,0
00:20:21.0,0
00:20:21.6,0
00:20:22.2,0
00:20:22.8,0
00:20:23.4,0
00:20:24.0,0
00:20:24.6,0
00:20:25.2,0
00:20:25.8,0
00:20:26.4,0
00:20:27.0,0
00:20:27.6,0
00:20:28.2,0
00:20:28.8,0
00:20:29.4,5.48676
00:20:30.0,0
00:20:30.6,0
00:20:31.2,0
00:20:31.8,0
00:20:32.4,0
00:20:33.0,0
00:20:33.6,0
00:20:34.2,0
00:20:34.8,0
00:20:35.4,0
00:20:36.0,0
00:20:36.6,0
00:20:37.2,0
00:20:37.8,0
00:20:38.4,0
00:20:39.0,0
00:20:39.6,0
00:20:40.2,0
00:20:40.8,0
00:20:41.4,6.09894
00:20:42.0,0
00:20:42.6,0
00:20:43.2,0
00:20:43.8,0
00:20:44.4,0
00:20:45.0,0
00:20:45.6,0
00:20:46.2,0
00:20:46.8,0
00:20:47.4,0
00:20:48.0,0
00:20:48.6,0
00:20:49.2,0
00:20:49.8,0
00:20:50.4,0
00:20:51.0,0
00:20:51.6,0
00:20:52.2,6.25584
00:20:52.8,0
00:20:53.4,0
00:20:54.0,0
00:20:54.6,0
00:20:55.2,0
00:20:55.8,0
00:20:56.4,0
00:20:57.0,0
00:20:57.6,0
00:20:58.2,0
00:20:58.8,0
00:20:59.4,0
00:21:00.0,0
00:21:00.6,0
00:21:01.2,0
00:21:01.8,0
00:21:02.4,6.09076
00:21:03.0,0
00:21:03.6,0
00:21:04.2,0
00:21:04.8,0
00:21:05.4,0
00:21:06.0,0
00:21:06.6,0
00:21:07.2,0
00:21:07.8,0
00:21:08.4,0
00:21:09.0,0
00:21:09.6,0
00:21:10.2,0
00:21:10.8,0
00:21:11.4,0
00:21:12.0,0
00:21:12.6,0
00:21:13.2,0
00:21:13.8,0
00:21:14.4,5.91135
00:21:15.0,0
00:21:15.6,0
00:21:16.2,0
00:21:16.8,0
00:21:17.4,0
00:21:18.0,0
00:21:18.6,0
00:21:19.2,0
00:21:19.8,0
00:21:20.4,0
00:21:21.0,0
00:21:21.6,0
00:21:22.2,0
00:21:22.8,0
00:21:23.4,0
00:21:24.0,0
00:21:24.6,5.72797
00:21:25.2,0
00:21:25.8,0
00:21:26.4,0
00:21:27.0,0
00:21:27.6,0
00:21:28.2,0
00:21:28.8,0
00:21:29.4,0
00:21:30.0,0
00:21:30.6,0
00:21:31.2,0
00:21:31.8,0
00:21:32.4,0
00:21:33.0,0
00:21:33.6,0
00:21:34.2,0
00:21:34.8,0
00:21:35.4,0
00:21:36.0,5.93467
00:21:36.6,0
00:21:37.2,0
00:21:37.8,0
00:21:38.4,0
00:21:39.0,0
00:21:39.6,0
00:21:40.2,0
00:21:40.8,0
00:21:41.4,0
00:21:42.0,0
00:21:42.6,0
00:21:43.2,0
00:21:43.8,0
00:21:44.4,0
00:21:45.0,0
00:21:45.6,0
00:21:46.2,0
00:21:46.8,0
00:21:47.4,0
00:21:48.0,0
00:21:48.6,6.4304
00:21:49.2,0
00:21:49.8,0
00:21:50.4,0
00:21:51.0,0
00:21:51.6,0
00:21:52.2,0
00:21:52.8,0
00:21:53.4,0
00:21:54.0,0
00:21:54.6,0
00:21:55.2,0
00:21:55.8,0
00:21:56.4,0
00:21:57.0,0
00:21:57.6,0
00:21:58.2,5.74597
00:21:58.8,0
00:21:59.4,0
00:22:00.0,0
00:22:00.6,0
00:22:01.2,0
00:22:01.8,0
00:22:02.4,0
00:22:03.0,0
00:22:03.6,0
00:22:04.2,0
00:22:04.8,0
00:22:05.4,0
00:22:06.0,0
00:22:06.6,0
00:22:07.2,0
00:22:07.8,5.49434
00:22:08.4,0
00:22:09.0,0
00:22:09.6,0
00:22:10.2,0
00:22:10.8,0
00:22:11.4,0
00:22:12.0,0
00:22:12.6,0
00:22:13.2,0
00:22:13.8,0
00:22:14.4,0
00:22:15.0,0
00:22:15.6,0
00:22:16.2,0
00:22:16.8,0
00:22:17.4,0
00:22:18.0,0
00:22:18.6,0
00:22:19.2,0
00:22:19.8,0
00:22:20.4,0
00:22:21.0,6.38465
00:22:21.6,0
00:22:22.2,0
00:22:22.8,0
00:22:23.4,0
00:22:24.0,0
00:22:24.6,0
00:22:25.2,0
00:22:25.8,0
00:22:26.4,0
00:22:27.0,0
00:22:27.6,0
00:22:28.2,0
00:22:28.8,0
00:22:29.4,0
00:22:30.0,0
00:22:30.6,5.41398
00:22:31.2,0
00:22:31.8,0
00:22:32.4,0
00:22:33.0,0
00:22:33.6,0
00:22:34.2,0
00:22:34.8,0
00:22:35.4,0
00:22:36.0,0
00:22:36.6,0
00:22:37.2,0
00:22:37.8,0
00:22:38.4,0
00:22:39.0,0
00:22:39.6,0
00:22:40.2,0
00:22:40.8,0
00:22:41.4,5.80005
00:22:42.0,0
00:22:42.6,0
00:22:43.2,0
00:22:43.8,0
00:22:44.4,0
00:22:45.0,0
00:22:45.6,0
00:22:46.2,0
00:22:46.8,0
00:22:47.4,0
00:22:48.0,0
00:22:48.6,0
00:22:49.2,0
00:22:49.8,0
00:22:50.4,0
00:22:51.0,0
00:22:51.6,0
00:22:52.2,5.42467
00:22:52.8,0
00:22:53.4,0
00:22:54.0,0
00:22:54.6,0
00:22:55.2,0
00:22:55.8,0
00:22:56.4,0
00:22:57.0,0
00:22:57.6,0
00:22:58.2,0
00:22:58.8,0
00:22:59.4,0
00:23:00.0,0
00:23:00.6,0
00:23:01.2,0
00:23:01.8,0
00:23:02.4,0
00:23:03.0,0
00:23:03.6,5.57149
00:23:04.2,0
00:23:04.8,0
00:23:05.4,0
00:23:06.0,0
00:23:06.6,0
00:23:07.2,0
00:23:07.8,0
00:23:08.4,0
00:23:09.0,0
00:23:09.6,0
00:23:10.2,0
00:23:10.8,0
00:23:11.4,0
00:23:12.0,0
00:23:12.6,0
00:23:13.2,0
00:23:13.8,0
00:23:14.4,5.51952
00:23:15.0,0
00:23:15.6,0
00:23:16.2,0
00:23:16.8,0
00:23:17.4,0
00:23:18.0,0
00:23:18.6,0
00:23:19.2,0
00:23:19.8,0
00:23:20.4,0
00:23:21.0,0
00:23:21.6,0
00:23:22.2,0
00:23:22.8,0
00:23:23.4,0
00:23:24.0,0
00:23:24.6,0
00:23:25.2,0
00:23:25.8,5.5446
00:23:26.4,0
00:23:27.0,0
00:23:27.6,0
00:23:28.2,0
00:23:28.8,0
00:23:29.4,0
00:23:30.0,0
00:23:30.6,0
00:23:31.2,0
00:23:31.8,0
00:23:32.4,0
00:23:33.0,0
00:23:33.6,0
00:23:34.2,0
00:23:34.8,0
00:23:35.4,0
00:23:36.0,0
00:23:36.6,0
00:23:37.2,0
00:23:37.8,6.34205
00:23:38.4,0
00:23:39.0,0
00:23:39.6,0
00:23:40.2,0
00:23:40.8,0
00:23:41.4,0
00:23:42.0,0
00:23:42.6,0
00:23:43.2,0
00:23:43.8,0
00:23:44.4,0
00:23:45.0,0
00:23:45.6,0
00:23:46.2,0
00:23:46.8,0
00:23:47.4,5.48399
00:23:48.0,0
00:23:48.6,0
00:23:49.2,0
00:23:49.8,0
00:23:50.4,0
00:23:51.0,0
00:23:51.6,0
00:23:52.2,0
00:23:52.8,0
00:23:53.4,0
00:23:54.0,0
00:23:54.6,0
00:23:55.2,0
00:23:55.8,0
00:23:56.4,0
00:23:57.0,0
00:23:57.6,0
00:23:58.2,0
00:23:58.8,0
00:23:59.4,6.15268
00:24:00.0,0
00:24:00.6,0
00:24:01.2,0
00:24:01.8,0
00:24:02.4,0
00:24:03.0,0
00:24:03.6,0
00:24:04.2,0
00:24:04.8,0
00:24:05.4,0
00:24:06.0,0
00:24:06.6,0
00:24:07.2,0
00:24:07.8,0
00:24:08.4,0
00:24:09.0,5.4094
00:24:09.6,0
00:24:10.2,0
00:24:10.8,0
00:24:11.4,0
00:24:12.0,0
00:24:12.6,0
00:24:13.2,0
00:24:13.8,0
00:24:14.4,0
00:24:15.0,0
00:24:15.6,0
00:24:16.2,0
00:24:16.8,0
00:24:17.4,0
00:24:18.0,0
00:24:18.6,0
00:24:19.2,0
00:24:19.8,0
00:24:20.4,5.58794
00:24:21.0,0
00:24:21.6,0
00:24:22.2,0
00:24:22.8,0
00:24:23.4,0
00:24:24.0,0
00:24:24.6,0
00:24:25.2,0
00:24:25.8,0
00:24:26.4,0
00:24:27.0,0
00:24:27.6,0
00:24:28.2,0
00:24:28.8,0
00:24:29.4,0
00:24:30.0,0
00:24:30.6,0
00:24:31.2,0
00:24:31.8,0
00:24:32.4,6.12778
00:24:33.0,0
00:24:33.6,0
00:24:34.2,0
00:24:34.8,0
00:24:35.4,0
00:24:36.0,0
00:24:36.6,0
00:24:37.2,0
00:24:37.8,0
00:24:38.4,0
00:24:39.0,0
00:24:39.6,0
00:24:40.2,0
00:24:40.8,0
00:24:41.4,0
00:24:42.0,0
00:24:42.6,0
00:24:43.2,5.7219
00:24:43.8,0
00:24:44.4,0
00:24:45.0,0
00:24:45.6,0
00:24:46.2,0
00:24:46.8,0
00:24:47.4,0
00:24:48.0,0
00:24:48.6,0
00:24:49.2,0
00:24:49.8,0
00:24:50.4,0
00:24:51.0,0
00:24:51.6,0
00:24:52.2,0
00:24:52.8,0
00:24:53.4,5.78163
00:24:54.0,0
00:24:54.6,0
00:24:55.2,0
00:24:55.8,0
00:24:56.4,0
00:24:57.0,0
00:24:57.6,0
00:24:58.2,0
00:24:58.8,0
00:24:59.4,0
00:25:00.0,0
00:25:00.6,0
00:25:01.2,0
00:25:01.8,0
00:25:02.4,0
00:25:03.0,0
00:25:03.6,0
00:25:04.2,0
00:25:04.8,0
00:25:05.4,5.57367
00:25:06.0,0
00:25:06.6,0
00:25:07.2,0
00:25:07.8,0
00:25:08.4,0
00:25:09.0,0
00:25:09.6,0
00:25:10.2,0
00:25:10.8,0
00:25:11.4,0
00:25:12.0,0
00:25:12.6,0
00:25:13.2,0
00:25:13.8,0
00:25:14.4,0
00:25:15.0,0
00:25:15.6,0
00:25:16.2,6.25979
00:25:16.8,0
00:25:17.4,0
00:25:18.0,0
00:25:18.6,0
00:25:19.2,0
00:25:19.8,0
00:25:20.4,0
00:25:21.0,0
00:25:21.6,0
00:25:22.2,0
00:25:22.8,0
00:25:23.4,0
00:25:24.0,0
00:25:24.6,0
00:25:25.2,0
00:25:25.8,0
00:25:26.4,0
00:25:27.0,6.21137
00:25:27.6,0
00:25:28.2,0
00:25:28.8,0
00:25:29.4,0
00:25:30.0,0
00:25:30.6,0
00:25:31.2,0
00:25:31.8,0
00:25:32.4,0
00:25:33.0,0
00:25:33.6,0
00:25:34.2,0
00:25:34.8,0
00:25:35.4,0
00:25:36.0,0
00:25:36.6,0
00:25:37.2,0
00:25:37.8,0
00:25:38.4,5.91938
00:25:39.0,0
00:25:39.6,0
00:25:40.2,0
00:25:40.8,0
00:25:41.4,0
00:25:42.0,0
00:25:42.6,0
00:25:43.2,0
00:25:43.8,0
00:25:44.4,0
00:25:45.0,0
00:25:45.6,0
00:25:46.2,0
00:25:46.8,0
00:25:47.4,0
00:25:48.0,0
00:25:48.6,0
00:25:49.2,6.25271
00:25:49.8,0
00:25:50.4,0
00:25:51.0,0
00:25:51.6,0
00:25:52.2,0
00:25:52.8,0
00:25:53.4,0
00:25:54.0,0
00:25:54.6,0
00:25:55.2,0
00:25:55.8,0
00:25:56.4,0
00:25:57.0,0
00:25:57.6,0
00:25:58.2,0
00:25:58.8,0
00:25:59.4,0
00:26:00.0,6.05434
00:26:00.6,0
00:26:01.2,0
00:26:01.8,0
00:26:02.4,0
00:26:03.0,0
00:26:03.6,0
00:26:04.2,0
00:26:04.8,0
00:26:05.4,0
00:26:06.0,0
00:26:06.6,0
00:26:07.2,0
00:26:07.8,0
00:26:08.4,0
00:26:09.0,0
00:26:09.6,0
00:26:10.2,0
00:26:10.8,0
00:26:11.4,6.08688
00:26:12.0,0
00:26:12.6,0
00:26:13.2,0
00:26:13.8,0
00:26:14.4,0
00:26:15.0,0
00:26:15.6,0
00:26:16.2,0
00:26:16.8,0
00:26:17.4,0
00:26:18.0,0
00:26:18.6,0
00:26:19.2,0
00:26:19.8,0
00:26:20.4,0
00:26:21.0,0
00:26:21.6,5.52721
00:26:22.2,0
00:26:22.8,0
00:26:23.4,0
00:26:24.0,0
00:26:24.6,0
00:26:25.2,0
00:26:25.8,0
00:26:26.4,0
00:26:27.0,0
00:26:27.6,0
00:26:28.2,0
00:26:28.8,0
00:26:29.4,0
00:26:30.0,0
00:26:30.6,0
00:26:31.2,0
00:26:31.8,0
00:26:32.4,0
00:26:33.0,6.50112
00:26:33.6,0
00:26:34.2,0
00:26:34.8,0
00:26:35.4,0
00:26:36.0,0
00:26:36.6,0
00:26:37.2,0
00:26:37.8,0
00:26:38.4,0
00:26:39.0,0
00:26:39.6,0
00:26:40.2,0
00:26:40.8,0
00:26:41.4,0
00:26:42.0,0
00:26:42.6,0
00:26:43.2,0
00:26:43.8,0
00:26:44.4,5.84384
00:26:45.0,0
00:26:45.6,0
00:26:46.2,0
00:26:46.8,0
00:26:47.4,0
00:26:48.0,0
00:26:48.6,0
00:26:49.2,0
00:26:49.8,0
00:26:50.4,0
00:26:51.0,0
00:26:51.6,0
00:26:52.2,0
00:26:52.8,0
00:26:53.4,0
00:26:54.0,0
00:26:54.6,0
00:26:55.2,0
00:26:55.8,6.58863
00:26:56.4,0
00:26:57.0,0
00:26:57.6,0
00:26:58.2,0
00:26:58.8,0
00:26:59.4,0
00:27:00.0,0
00:27:00.6,0
00:27:01.2,0
00:27:01.8,0
00:27:02.4,0
00:27:03.0,0
00:27:03.6,0
00:27:04.2,0
00:27:04.8,0
00:27:05.4,5.87859
00:27:06.0,0
00:27:06.6,0
00:27:07.2,0
00:27:07.8,0
00:27:08.4,0
00:27:09.0,0
00:27:09.6,0
00:27:10.2,0
00:27:10.8,0
00:27:11.4,0
00:27:12.0,0
00:27:12.6,0
00:27:13.2,0
00:27:13.8,0
00:27:14.4,0
00:27:15.0,0
00:27:15.6,0
00:27:16.2,0
00:27:16.8,0
00:27:17.4,5.94723
00:27:18.0,0
00:27:18.6,0
00:27:19.2,0
00:27:19.8,0
00:27:20.4,0
00:27:21.0,0
00:27:21.6,0
00:27:22.2,0
00:27:22.8,0
00:27:23.4,0
00:27:24.0,0
00:27:24.6,0
00:27:25.2,0
00:27:25.8,0
00:27:26.4,0
00:27:27.0,0
00:27:27.6,0
00:27:28.2,5.89448
00:27:28.8,0
00:27:29.4,0
00:27:30.0,0
00:27:30.6,0
00:27:31.2,0
00:27:31.8,0
00:27:32.4,0
00:27:33.0,0
00:27:33.6,0
00:27:34.2,0
00:27:34.8,0
00:27:35.4,0
00:27:36.0,0
00:27:36.6,0
00:27:37.2,0
00:27:37.8,0
00:27:38.4,0
00:27:39.0,6.05105
00:27:39.6,0
00:27:40.2,0
00:27:40.8,0
00:27:41.4,0
00:27:42.0,0
00:27:42.6,0
00:27:43.2,0
00:27:43.8,0
00:27:44.4,0
00:27:45.0,0
00:27:45.6,0
00:27:46.2,0
00:27:46.8,0
00:27:47.4,0
00:27:48.0,0
00:27:48.6,0
00:27:49.2,0
00:27:49.8,5.49537
00:27:50.4,0
00:27:51.0,0
00:27:51.6,0
00:27:52.2,0
00:27:52.8,0
00:27:53.4,0
00:27:54.0,0
00:27:54.6,0
00:27:55.2,0
00:27:55.8,0
00:27:56.4,0
00:27:57.0,0
00:27:57.6,0
00:27:58.2,0
00:27:58.8,0
00:27:59.4,0
00:28:00.0,0
00:28:00.6,5.41023
00:28:01.2,0
00:28:01.8,0
00:28:02.4,0
00:28:03.0,0
00:28:03.6,0
00:28:04.2,0
00:28:04.8,0
00:28:05.4,0
00:28:06.0,0
00:28:06.6,0
00:28:07.2,0
00:28:07.8,0
00:28:08.4,0
00:28:09.0,0
00:28:09.6,0
00:28:10.2,0
00:28:10.8,0
00:28:11.4,0
00:28:12.0,5.99695
00:28:12.6,0
00:28:13.2,0
00:28:13.8,0
00:28:14.4,0
00:28:15.0,0
00:28:15.6,0
00:28:16.2,0
00:28:16.8,0
00:28:17.4,0
00:28:18.0,0
00:28:18.6,0
00:28:19.2,0
00:28:19.8,0
00:28:20.4,0
00:28:21.0,0
00:28:21.6,0
00:28:22.2,0
00:28:22.8,5.47723
00:28:23.4,0
00:28:24.0,0
00:28:24.6,0
00:28:25.2,0
00:28:25.8,0
00:28:26.4,0
00:28:27.0,0
00:28:27.6,0
00:28:28.2,0
00:28:28.8,0
00:28:29.4,0
00:28:30.0,0
00:28:30.6,0
00:28:31.2,0
00:28:31.8,0
00:28:32.4,0
00:28:33.0,0
00:28:33.6,0
00:28:34.2,0
00:28:34.8,6.36688
00:28:35.4,0
00:28:36.0,0
00:28:36.6,0
00:28:37.2,0
00:28:37.8,0
00:28:38.4,0
00:28:39.0,0
00:28:39.6,0
00:28:40.2,0
00:28:40.8,0
00:28:41.4,0
00:28:42.0,0
00:28:42.6,0
00:28:43.2,0
00:28:43.8,0
00:28:44.4,0
00:28:45.0,0
00:28:45.6,6.30624
00:28:46.2,0
00:28:46.8,0
00:28:47.4,0
00:28:48.0,0
00:28:48.6,0
00:28:49.2,0
00:28:49.8,0
00:28:50.4,0
00:28:51.0,0
00:28:51.6,0
00:28:52.2,0
00:28:52.8,0
00:28:53.4,0
00:28:54.0,0
00:28:54.6,0
00:28:55.2,0
00:28:55.8,0
00:28:56.4,6.10195
00:28:57.0,0
00:28:57.6,0
00:28:58.2,0
00:28:58.8,0
00:28:59.4,0
00:29:00.0,0
00:29:00.6,0
00:29:01.2,0
00:29:01.8,0
00:29:02.4,0
00:29:03.0,0
00:29:03.6,0
00:29:04.2,0
00:29:04.8,0
00:29:05.4,0
00:29:06.0,0
00:29:06.6,5.83732
00:29:07.2,0
00:29:07.8,0
00:29:08.4,0
00:29:09.0,0
00:29:09.6,0
00:29:10.2,0
00:29:10.8,0
00:29:11.4,0
00:29:12.0,0
00:29:12.6,0
00:29:13.2,0
00:29:13.8,0
00:29:14.4,0
00:29:15.0,0
00:29:15.6,0
00:29:16.2,0
00:29:16.8,0
00:29:17.4,5.47915
00:29:18.0,0
00:29:18.6,0
00:29:19.2,0
00:29:19.8,0
00:29:20.4,0
00:29:21.0,0
00:29:21.6,0
00:29:22.2,0
00:29:22.8,0
00:29:23.4,0
00:29:24.0,0
00:29:24.6,0
00:29:25.2,0
00:29:25.8,0
00:29:26.4,0
00:29:27.0,0
00:29:27.6,0
00:29:28.2,0
00:29:28.8,0
00:29:29.4,6.0718
00:29:30.0,0
00:29:30.6,0
00:29:31.2,0
00:29:31.8,0
00:29:32.4,0
00:29:33.0,0
00:29:33.6,0
00:29:34.2,0
00:29:34.8,0
00:29:35.4,0
00:29:36.0,0
00:29:36.6,0
00:29:37.2,0
00:29:37.8,0
00:29:38.4,0
00:29:39.0,0
00:29:39.6,0
00:29:40.2,0
00:29:40.8,6.33491
00:29:41.4,0
00:29:42.0,0
00:29:42.6,0
00:29:43.2,0
00:29:43.8,0
00:29:44.4,0
00:29:45.0,0
00:29:45.6,0
00:29:46.2,0
00:29:46.8,0
00:29:47.4,0
00:29:48.0,0
00:29:48.6,0
00:29:49.2,0
00:29:49.8,0
00:29:50.4,0
00:29:51.0,0
00:29:51.6,6.36549
00:29:52.2,0
00:29:52.8,0
00:29:53.4,0
00:29:54.0,0
00:29:54.6,0
00:29:55.2,0
00:29:55.8,0
00:29:56.4,0
00:29:57.0,0
00:29:57.6,0
00:29:58.2,0
00:29:58.8,0
00:29:59.4,0
